{
  "name": "polymer-media-query",
  "private": true,
  "dependencies": {
    "polymer": "Polymer/polymer#^0.3.0"
  },
  "homepage": "https://github.com/Polymer/polymer-media-query",
  "version": "0.3.0",
  "_release": "0.3.0",
  "_resolution": {
    "type": "version",
    "tag": "0.3.0",
    "commit": "bd1cd653b182dc549ab4ba8caed80036bbfa8c36"
  },
  "_source": "git://github.com/Polymer/polymer-media-query.git",
  "_target": "^0.3.0",
  "_originalSource": "Polymer/polymer-media-query"
}