{
  "name": "platform",
  "main": "platform.js",
  "homepage": "https://github.com/Polymer/platform",
  "authors": [
    "The Polymer Authors"
  ],
  "description": "Integrate platform polyfills: load, build, test",
  "keywords": [
    "polymer",
    "web",
    "components"
  ],
  "license": "BSD",
  "private": true,
  "_release": "f4adae1849",
  "_resolution": {
    "type": "branch",
    "branch": "master",
    "commit": "f4adae1849743e7bdcaea2250b8b0e83a14fab21"
  },
  "_source": "git://github.com/Polymer/platform.git",
  "_target": "master",
  "_originalSource": "Polymer/platform"
}