{
  "name": "NodeBind",
  "homepage": "https://github.com/Polymer/NodeBind",
  "authors": [
    "The Polymer Authors"
  ],
  "license": "BSD",
  "private": true,
  "ignore": [
    "**/.*",
    "node_modules",
    "bower_components",
    "test",
    "tests"
  ],
  "_release": "404ecab279",
  "_resolution": {
    "type": "branch",
    "branch": "master",
    "commit": "404ecab279f17a714a0234d6a82617f4d2902bc7"
  },
  "_source": "https://github.com/Polymer/NodeBind.git",
  "_target": "master",
  "_originalSource": "Polymer/NodeBind"
}