{
  "name": "polymer",
  "private": true,
  "dependencies": {
    "platform": "Polymer/platform#master",
    "core-component-page": "Polymer/core-component-page#master"
  },
  "homepage": "https://github.com/Polymer/polymer",
  "_release": "8dc42ae546",
  "_resolution": {
    "type": "branch",
    "branch": "master",
    "commit": "8dc42ae546dbf6b16025f287fc131827b98b3895"
  },
  "_source": "git://github.com/Polymer/polymer.git",
  "_target": "master",
  "_originalSource": "Polymer/polymer"
}